{
  "Random Forest": {
    "impact": 0.244801,
    "urgency": 0.246856,
    "category": 0.090341,
    "subcategory": 0.111897,
    "contact_type": 0.005757,
    "incident_state": 0.0,
    "assignment_group": 0.103688,
    "reassignment_count": 0.060646,
    "reopen_count": 0.004051,
    "sys_mod_count": 0.131963
  },
  "XGBoost": {
    "impact": 0.55107,
    "urgency": 0.366059,
    "category": 0.012126,
    "subcategory": 0.013328,
    "contact_type": 0.009278,
    "incident_state": 0.0,
    "assignment_group": 0.013393,
    "reassignment_count": 0.012275,
    "reopen_count": 0.010202,
    "sys_mod_count": 0.012268
  }
}